Maze-20x20-A15_T3-063.map,,,,,SSP
Maze-20x20-A15_T3-029.map,,,,,SSP
Maze-20x20-A15_T3-074.map,,,,,SSP
Maze-20x20-A15_T3-135.map,,,,,SSP
Maze-20x20-A15_T3-051.map,,,,,SSP
Maze-20x20-A15_T3-010.map,,,,,SSP
Maze-20x20-A15_T3-085.map,,,,,SSP
Maze-20x20-A15_T3-196.map,,,,,SSP
Maze-20x20-A15_T3-158.map,,,,,SSP
Maze-20x20-A15_T3-006.map,,,,,SSP
Maze-20x20-A15_T3-112.map,,,,,SSP
Maze-20x20-A15_T3-174.map,,,,,SSP
Maze-20x20-A15_T3-075.map,,,,,SSP
Maze-20x20-A15_T3-087.map,,,,,SSP
Maze-20x20-A15_T3-050.map,,,,,SSP
Maze-20x20-A15_T3-150.map,,,,,SSP
Maze-20x20-A15_T3-122.map,,,,,SSP
Maze-20x20-A15_T3-103.map,,,,,SSP
Maze-20x20-A15_T3-099.map,,,,,SSP
Maze-20x20-A15_T3-133.map,,,,,SSP
Maze-20x20-A15_T3-045.map,,,,,SSP
Maze-20x20-A15_T3-068.map,,,,,SSP
Maze-20x20-A15_T3-163.map,,,,,SSP
Maze-20x20-A15_T3-008.map,,,,,SSP
Maze-20x20-A15_T3-142.map,,,,,SSP
Maze-20x20-A15_T3-127.map,,,,,SSP
Maze-20x20-A15_T3-152.map,,,,,SSP
Maze-20x20-A15_T3-156.map,,,,,SSP
Maze-20x20-A15_T3-161.map,,,,,SSP
Maze-20x20-A15_T3-165.map,,,,,SSP
Maze-20x20-A15_T3-107.map,,,,,SSP
Maze-20x20-A15_T3-147.map,,,,,SSP
Maze-20x20-A15_T3-042.map,,,,,SSP
Maze-20x20-A15_T3-157.map,,,,,SSP
Maze-20x20-A15_T3-119.map,,,,,SSP
Maze-20x20-A15_T3-022.map,,,,,SSP
Maze-20x20-A15_T3-170.map,,,,,SSP
Maze-20x20-A15_T3-070.map,,,,,SSP
Maze-20x20-A15_T3-076.map,,,,,SSP
Maze-20x20-A15_T3-077.map,,,,,SSP
Maze-20x20-A15_T3-066.map,,,,,SSP
Maze-20x20-A15_T3-126.map,,,,,SSP
Maze-20x20-A15_T3-048.map,,,,,SSP
Maze-20x20-A15_T3-128.map,10.231892198324203,12071475,21086139,9,SSP
Maze-20x20-A15_T3-194.map,,,,,SSP
Maze-20x20-A15_T3-082.map,,,,,SSP
Maze-20x20-A15_T3-169.map,,,,,SSP
Maze-20x20-A15_T3-079.map,,,,,SSP
Maze-20x20-A15_T3-097.map,,,,,SSP
Maze-20x20-A15_T3-121.map,,,,,SSP
Maze-20x20-A15_T3-023.map,,,,,SSP
Maze-20x20-A15_T3-016.map,,,,,SSP
Maze-20x20-A15_T3-172.map,,,,,SSP
Maze-20x20-A15_T3-064.map,,,,,SSP
Maze-20x20-A15_T3-071.map,,,,,SSP
Maze-20x20-A15_T3-124.map,,,,,SSP
Maze-20x20-A15_T3-013.map,,,,,SSP
Maze-20x20-A15_T3-190.map,,,,,SSP
Maze-20x20-A15_T3-091.map,,,,,SSP
Maze-20x20-A15_T3-032.map,,,,,SSP
Maze-20x20-A15_T3-102.map,,,,,SSP
Maze-20x20-A15_T3-025.map,,,,,SSP
Maze-20x20-A15_T3-101.map,,,,,SSP
Maze-20x20-A15_T3-083.map,,,,,SSP
Maze-20x20-A15_T3-139.map,,,,,SSP
Maze-20x20-A15_T3-162.map,,,,,SSP
Maze-20x20-A15_T3-167.map,,,,,SSP
Maze-20x20-A15_T3-088.map,,,,,SSP
Maze-20x20-A15_T3-090.map,,,,,SSP
Maze-20x20-A15_T3-044.map,,,,,SSP
Maze-20x20-A15_T3-138.map,,,,,SSP
Maze-20x20-A15_T3-018.map,,,,,SSP
Maze-20x20-A15_T3-184.map,,,,,SSP
Maze-20x20-A15_T3-166.map,,,,,SSP
Maze-20x20-A15_T3-130.map,,,,,SSP
Maze-20x20-A15_T3-028.map,,,,,SSP
Maze-20x20-A15_T3-197.map,,,,,SSP
Maze-20x20-A15_T3-195.map,,,,,SSP
Maze-20x20-A15_T3-111.map,,,,,SSP
Maze-20x20-A15_T3-047.map,,,,,SSP
Maze-20x20-A15_T3-078.map,,,,,SSP
Maze-20x20-A15_T3-072.map,,,,,SSP
Maze-20x20-A15_T3-009.map,,,,,SSP
Maze-20x20-A15_T3-186.map,,,,,SSP
Maze-20x20-A15_T3-098.map,,,,,SSP
Maze-20x20-A15_T3-036.map,,,,,SSP
Maze-20x20-A15_T3-189.map,,,,,SSP
Maze-20x20-A15_T3-140.map,,,,,SSP
Maze-20x20-A15_T3-155.map,,,,,SSP
Maze-20x20-A15_T3-080.map,,,,,SSP
Maze-20x20-A15_T3-021.map,,,,,SSP
Maze-20x20-A15_T3-058.map,,,,,SSP
Maze-20x20-A15_T3-116.map,,,,,SSP
Maze-20x20-A15_T3-176.map,,,,,SSP
Maze-20x20-A15_T3-175.map,,,,,SSP
Maze-20x20-A15_T3-148.map,,,,,SSP
Maze-20x20-A15_T3-136.map,,,,,SSP
Maze-20x20-A15_T3-019.map,,,,,SSP
Maze-20x20-A15_T3-073.map,,,,,SSP
Maze-20x20-A15_T3-060.map,,,,,SSP
Maze-20x20-A15_T3-180.map,,,,,SSP
Maze-20x20-A15_T3-117.map,,,,,SSP
Maze-20x20-A15_T3-160.map,,,,,SSP
Maze-20x20-A15_T3-003.map,,,,,SSP
Maze-20x20-A15_T3-105.map,,,,,SSP
Maze-20x20-A15_T3-062.map,,,,,SSP
Maze-20x20-A15_T3-132.map,,,,,SSP
Maze-20x20-A15_T3-123.map,,,,,SSP
Maze-20x20-A15_T3-106.map,,,,,SSP
Maze-20x20-A15_T3-015.map,,,,,SSP
Maze-20x20-A15_T3-014.map,,,,,SSP
Maze-20x20-A15_T3-137.map,,,,,SSP
Maze-20x20-A15_T3-055.map,,,,,SSP
Maze-20x20-A15_T3-151.map,,,,,SSP
Maze-20x20-A15_T3-054.map,,,,,SSP
Maze-20x20-A15_T3-033.map,,,,,SSP
Maze-20x20-A15_T3-027.map,,,,,SSP
Maze-20x20-A15_T3-145.map,,,,,SSP
Maze-20x20-A15_T3-115.map,,,,,SSP
Maze-20x20-A15_T3-182.map,,,,,SSP
Maze-20x20-A15_T3-188.map,,,,,SSP
Maze-20x20-A15_T3-110.map,,,,,SSP
Maze-20x20-A15_T3-035.map,,,,,SSP
Maze-20x20-A15_T3-038.map,,,,,SSP
Maze-20x20-A15_T3-037.map,,,,,SSP
Maze-20x20-A15_T3-118.map,,,,,SSP
Maze-20x20-A15_T3-084.map,,,,,SSP
Maze-20x20-A15_T3-164.map,,,,,SSP
Maze-20x20-A15_T3-109.map,,,,,SSP
Maze-20x20-A15_T3-199.map,,,,,SSP
Maze-20x20-A15_T3-017.map,,,,,SSP
Maze-20x20-A15_T3-046.map,,,,,SSP
Maze-20x20-A15_T3-125.map,,,,,SSP
Maze-20x20-A15_T3-007.map,,,,,SSP
Maze-20x20-A15_T3-041.map,,,,,SSP
Maze-20x20-A15_T3-144.map,,,,,SSP
Maze-20x20-A15_T3-086.map,,,,,SSP
Maze-20x20-A15_T3-154.map,,,,,SSP
Maze-20x20-A15_T3-094.map,,,,,SSP
Maze-20x20-A15_T3-000.map,,,,,SSP
Maze-20x20-A15_T3-096.map,,,,,SSP
Maze-20x20-A15_T3-001.map,,,,,SSP
Maze-20x20-A15_T3-011.map,,,,,SSP
Maze-20x20-A15_T3-034.map,,,,,SSP
Maze-20x20-A15_T3-134.map,,,,,SSP
Maze-20x20-A15_T3-183.map,,,,,SSP
Maze-20x20-A15_T3-108.map,,,,,SSP
Maze-20x20-A15_T3-192.map,,,,,SSP
Maze-20x20-A15_T3-191.map,,,,,SSP
Maze-20x20-A15_T3-052.map,,,,,SSP
Maze-20x20-A15_T3-120.map,,,,,SSP
Maze-20x20-A15_T3-129.map,,,,,SSP
Maze-20x20-A15_T3-178.map,,,,,SSP
Maze-20x20-A15_T3-005.map,,,,,SSP
Maze-20x20-A15_T3-004.map,,,,,SSP
Maze-20x20-A15_T3-002.map,,,,,SSP
Maze-20x20-A15_T3-114.map,,,,,SSP
Maze-20x20-A15_T3-179.map,,,,,SSP
Maze-20x20-A15_T3-131.map,,,,,SSP
Maze-20x20-A15_T3-193.map,,,,,SSP
Maze-20x20-A15_T3-149.map,,,,,SSP
Maze-20x20-A15_T3-024.map,,,,,SSP
Maze-20x20-A15_T3-141.map,,,,,SSP
Maze-20x20-A15_T3-104.map,,,,,SSP
Maze-20x20-A15_T3-030.map,,,,,SSP
Maze-20x20-A15_T3-198.map,,,,,SSP
Maze-20x20-A15_T3-026.map,,,,,SSP
Maze-20x20-A15_T3-065.map,,,,,SSP
Maze-20x20-A15_T3-185.map,,,,,SSP
Maze-20x20-A15_T3-020.map,,,,,SSP
Maze-20x20-A15_T3-061.map,,,,,SSP
Maze-20x20-A15_T3-092.map,,,,,SSP
Maze-20x20-A15_T3-181.map,,,,,SSP
Maze-20x20-A15_T3-187.map,,,,,SSP
Maze-20x20-A15_T3-100.map,,,,,SSP
Maze-20x20-A15_T3-081.map,,,,,SSP
Maze-20x20-A15_T3-177.map,,,,,SSP
Maze-20x20-A15_T3-093.map,,,,,SSP
Maze-20x20-A15_T3-153.map,,,,,SSP
Maze-20x20-A15_T3-059.map,,,,,SSP
Maze-20x20-A15_T3-067.map,,,,,SSP
Maze-20x20-A15_T3-056.map,,,,,SSP
Maze-20x20-A15_T3-012.map,,,,,SSP
Maze-20x20-A15_T3-040.map,,,,,SSP
Maze-20x20-A15_T3-173.map,,,,,SSP
Maze-20x20-A15_T3-089.map,,,,,SSP
Maze-20x20-A15_T3-039.map,,,,,SSP
Maze-20x20-A15_T3-146.map,,,,,SSP
Maze-20x20-A15_T3-053.map,,,,,SSP
Maze-20x20-A15_T3-031.map,,,,,SSP
Maze-20x20-A15_T3-069.map,,,,,SSP
Maze-20x20-A15_T3-171.map,,,,,SSP
Maze-20x20-A15_T3-043.map,,,,,SSP
Maze-20x20-A15_T3-143.map,,,,,SSP
Maze-20x20-A15_T3-095.map,,,,,SSP
Maze-20x20-A15_T3-057.map,,,,,SSP
Maze-20x20-A15_T3-159.map,,,,,SSP
Maze-20x20-A15_T3-049.map,,,,,SSP
Maze-20x20-A15_T3-168.map,,,,,SSP
Maze-20x20-A15_T3-113.map,,,,,SSP
