Maze-20x20-A13_T3-151.map,,,,,CurrentSolver.SSP
Maze-20x20-A13_T3-166.map,,,,,CurrentSolver.SSP
Maze-20x20-A13_T3-138.map,,,,,CurrentSolver.SSP
Maze-20x20-A13_T3-094.map,,,,,CurrentSolver.SSP
Maze-20x20-A13_T3-182.map,,,,,CurrentSolver.SSP
Maze-20x20-A13_T3-136.map,,,,,CurrentSolver.SSP
Maze-20x20-A13_T3-052.map,,,,,CurrentSolver.SSP
Maze-20x20-A13_T3-087.map,,,,,CurrentSolver.SSP
Maze-20x20-A13_T3-019.map,,,,,CurrentSolver.SSP
Maze-20x20-A13_T3-002.map,,,,,CurrentSolver.SSP
Maze-20x20-A13_T3-007.map,,,,,CurrentSolver.SSP
Maze-20x20-A13_T3-095.map,,,,,CurrentSolver.SSP
Maze-20x20-A13_T3-176.map,,,,,CurrentSolver.SSP
Maze-20x20-A13_T3-086.map,,,,,CurrentSolver.SSP
Maze-20x20-A13_T3-067.map,,,,,CurrentSolver.SSP
Maze-20x20-A13_T3-129.map,,,,,CurrentSolver.SSP
Maze-20x20-A13_T3-089.map,,,,,CurrentSolver.SSP
Maze-20x20-A13_T3-162.map,,,,,CurrentSolver.SSP
Maze-20x20-A13_T3-109.map,,,,,CurrentSolver.SSP
Maze-20x20-A13_T3-008.map,,,,,CurrentSolver.SSP
Maze-20x20-A13_T3-029.map,,,,,CurrentSolver.SSP
Maze-20x20-A13_T3-090.map,,,,,CurrentSolver.SSP
Maze-20x20-A13_T3-084.map,,,,,CurrentSolver.SSP
Maze-20x20-A13_T3-092.map,,,,,CurrentSolver.SSP
Maze-20x20-A13_T3-155.map,,,,,CurrentSolver.SSP
Maze-20x20-A13_T3-171.map,,,,,CurrentSolver.SSP
Maze-20x20-A13_T3-006.map,,,,,CurrentSolver.SSP
Maze-20x20-A13_T3-081.map,,,,,CurrentSolver.SSP
Maze-20x20-A13_T3-004.map,,,,,CurrentSolver.SSP
Maze-20x20-A13_T3-156.map,,,,,CurrentSolver.SSP
Maze-20x20-A13_T3-039.map,,,,,CurrentSolver.SSP
Maze-20x20-A13_T3-159.map,,,,,CurrentSolver.SSP
Maze-20x20-A13_T3-133.map,,,,,CurrentSolver.SSP
Maze-20x20-A13_T3-106.map,,,,,CurrentSolver.SSP
Maze-20x20-A13_T3-192.map,,,,,CurrentSolver.SSP
Maze-20x20-A13_T3-046.map,,,,,CurrentSolver.SSP
Maze-20x20-A13_T3-111.map,,,,,CurrentSolver.SSP
Maze-20x20-A13_T3-065.map,,,,,CurrentSolver.SSP
Maze-20x20-A13_T3-066.map,,,,,CurrentSolver.SSP
Maze-20x20-A13_T3-150.map,,,,,CurrentSolver.SSP
Maze-20x20-A13_T3-184.map,,,,,CurrentSolver.SSP
Maze-20x20-A13_T3-114.map,,,,,CurrentSolver.SSP
Maze-20x20-A13_T3-122.map,,,,,CurrentSolver.SSP
Maze-20x20-A13_T3-172.map,,,,,CurrentSolver.SSP
Maze-20x20-A13_T3-082.map,,,,,CurrentSolver.SSP
Maze-20x20-A13_T3-113.map,,,,,CurrentSolver.SSP
Maze-20x20-A13_T3-018.map,,,,,CurrentSolver.SSP
Maze-20x20-A13_T3-168.map,,,,,CurrentSolver.SSP
Maze-20x20-A13_T3-198.map,,,,,CurrentSolver.SSP
Maze-20x20-A13_T3-025.map,,,,,CurrentSolver.SSP
Maze-20x20-A13_T3-096.map,,,,,CurrentSolver.SSP
Maze-20x20-A13_T3-196.map,,,,,CurrentSolver.SSP
Maze-20x20-A13_T3-062.map,,,,,CurrentSolver.SSP
Maze-20x20-A13_T3-050.map,,,,,CurrentSolver.SSP
Maze-20x20-A13_T3-199.map,,,,,CurrentSolver.SSP
Maze-20x20-A13_T3-055.map,,,,,CurrentSolver.SSP
Maze-20x20-A13_T3-027.map,,,,,CurrentSolver.SSP
Maze-20x20-A13_T3-032.map,,,,,CurrentSolver.SSP
Maze-20x20-A13_T3-043.map,,,,,CurrentSolver.SSP
Maze-20x20-A13_T3-047.map,,,,,CurrentSolver.SSP
Maze-20x20-A13_T3-051.map,,,,,CurrentSolver.SSP
Maze-20x20-A13_T3-091.map,55.571124465204775,10338070,18055993,67,CurrentSolver.SSP
Maze-20x20-A13_T3-073.map,,,,,CurrentSolver.SSP
Maze-20x20-A13_T3-143.map,,,,,CurrentSolver.SSP
Maze-20x20-A13_T3-189.map,,,,,CurrentSolver.SSP
Maze-20x20-A13_T3-054.map,,,,,CurrentSolver.SSP
Maze-20x20-A13_T3-125.map,,,,,CurrentSolver.SSP
Maze-20x20-A13_T3-117.map,,,,,CurrentSolver.SSP
Maze-20x20-A13_T3-045.map,,,,,CurrentSolver.SSP
Maze-20x20-A13_T3-075.map,,,,,CurrentSolver.SSP
Maze-20x20-A13_T3-152.map,,,,,CurrentSolver.SSP
Maze-20x20-A13_T3-031.map,,,,,CurrentSolver.SSP
Maze-20x20-A13_T3-003.map,,,,,CurrentSolver.SSP
Maze-20x20-A13_T3-011.map,,,,,CurrentSolver.SSP
Maze-20x20-A13_T3-049.map,,,,,CurrentSolver.SSP
Maze-20x20-A13_T3-169.map,,,,,CurrentSolver.SSP
Maze-20x20-A13_T3-118.map,,,,,CurrentSolver.SSP
Maze-20x20-A13_T3-057.map,,,,,CurrentSolver.SSP
Maze-20x20-A13_T3-161.map,,,,,CurrentSolver.SSP
Maze-20x20-A13_T3-157.map,,,,,CurrentSolver.SSP
Maze-20x20-A13_T3-154.map,,,,,CurrentSolver.SSP
Maze-20x20-A13_T3-009.map,,,,,CurrentSolver.SSP
Maze-20x20-A13_T3-034.map,,,,,CurrentSolver.SSP
Maze-20x20-A13_T3-178.map,,,,,CurrentSolver.SSP
Maze-20x20-A13_T3-187.map,,,,,CurrentSolver.SSP
Maze-20x20-A13_T3-015.map,,,,,CurrentSolver.SSP
Maze-20x20-A13_T3-164.map,,,,,CurrentSolver.SSP
Maze-20x20-A13_T3-022.map,32.834006757475436,34484219,60234707,56,CurrentSolver.SSP
Maze-20x20-A13_T3-140.map,,,,,CurrentSolver.SSP
Maze-20x20-A13_T3-115.map,,,,,CurrentSolver.SSP
Maze-20x20-A13_T3-035.map,,,,,CurrentSolver.SSP
Maze-20x20-A13_T3-181.map,,,,,CurrentSolver.SSP
Maze-20x20-A13_T3-174.map,,,,,CurrentSolver.SSP
Maze-20x20-A13_T3-135.map,,,,,CurrentSolver.SSP
Maze-20x20-A13_T3-058.map,,,,,CurrentSolver.SSP
Maze-20x20-A13_T3-193.map,,,,,CurrentSolver.SSP
Maze-20x20-A13_T3-124.map,,,,,CurrentSolver.SSP
Maze-20x20-A13_T3-180.map,,,,,CurrentSolver.SSP
Maze-20x20-A13_T3-053.map,,,,,CurrentSolver.SSP
Maze-20x20-A13_T3-121.map,,,,,CurrentSolver.SSP
Maze-20x20-A13_T3-041.map,,,,,CurrentSolver.SSP
Maze-20x20-A13_T3-061.map,,,,,CurrentSolver.SSP
Maze-20x20-A13_T3-185.map,,,,,CurrentSolver.SSP
Maze-20x20-A13_T3-074.map,,,,,CurrentSolver.SSP
Maze-20x20-A13_T3-195.map,,,,,CurrentSolver.SSP
Maze-20x20-A13_T3-103.map,,,,,CurrentSolver.SSP
Maze-20x20-A13_T3-191.map,,,,,CurrentSolver.SSP
Maze-20x20-A13_T3-112.map,,,,,CurrentSolver.SSP
Maze-20x20-A13_T3-145.map,,,,,CurrentSolver.SSP
Maze-20x20-A13_T3-153.map,,,,,CurrentSolver.SSP
Maze-20x20-A13_T3-088.map,,,,,CurrentSolver.SSP
Maze-20x20-A13_T3-126.map,,,,,CurrentSolver.SSP
Maze-20x20-A13_T3-001.map,,,,,CurrentSolver.SSP
Maze-20x20-A13_T3-097.map,,,,,CurrentSolver.SSP
Maze-20x20-A13_T3-139.map,,,,,CurrentSolver.SSP
Maze-20x20-A13_T3-194.map,,,,,CurrentSolver.SSP
Maze-20x20-A13_T3-010.map,,,,,CurrentSolver.SSP
Maze-20x20-A13_T3-071.map,,,,,CurrentSolver.SSP
Maze-20x20-A13_T3-188.map,,,,,CurrentSolver.SSP
Maze-20x20-A13_T3-127.map,,,,,CurrentSolver.SSP
Maze-20x20-A13_T3-123.map,,,,,CurrentSolver.SSP
Maze-20x20-A13_T3-186.map,,,,,CurrentSolver.SSP
Maze-20x20-A13_T3-072.map,,,,,CurrentSolver.SSP
Maze-20x20-A13_T3-030.map,,,,,CurrentSolver.SSP
Maze-20x20-A13_T3-098.map,52.8330316869542,39110291,68315552,18,CurrentSolver.SSP
Maze-20x20-A13_T3-060.map,,,,,CurrentSolver.SSP
Maze-20x20-A13_T3-104.map,,,,,CurrentSolver.SSP
Maze-20x20-A13_T3-149.map,,,,,CurrentSolver.SSP
Maze-20x20-A13_T3-107.map,,,,,CurrentSolver.SSP
Maze-20x20-A13_T3-026.map,,,,,CurrentSolver.SSP
Maze-20x20-A13_T3-064.map,,,,,CurrentSolver.SSP
Maze-20x20-A13_T3-068.map,,,,,CurrentSolver.SSP
Maze-20x20-A13_T3-134.map,,,,,CurrentSolver.SSP
Maze-20x20-A13_T3-079.map,,,,,CurrentSolver.SSP
Maze-20x20-A13_T3-160.map,,,,,CurrentSolver.SSP
Maze-20x20-A13_T3-014.map,,,,,CurrentSolver.SSP
Maze-20x20-A13_T3-141.map,,,,,CurrentSolver.SSP
Maze-20x20-A13_T3-020.map,,,,,CurrentSolver.SSP
Maze-20x20-A13_T3-148.map,,,,,CurrentSolver.SSP
Maze-20x20-A13_T3-069.map,,,,,CurrentSolver.SSP
Maze-20x20-A13_T3-179.map,,,,,CurrentSolver.SSP
Maze-20x20-A13_T3-028.map,,,,,CurrentSolver.SSP
Maze-20x20-A13_T3-137.map,,,,,CurrentSolver.SSP
Maze-20x20-A13_T3-000.map,,,,,CurrentSolver.SSP
Maze-20x20-A13_T3-146.map,,,,,CurrentSolver.SSP
Maze-20x20-A13_T3-144.map,,,,,CurrentSolver.SSP
Maze-20x20-A13_T3-128.map,,,,,CurrentSolver.SSP
Maze-20x20-A13_T3-077.map,,,,,CurrentSolver.SSP
Maze-20x20-A13_T3-165.map,,,,,CurrentSolver.SSP
Maze-20x20-A13_T3-040.map,,,,,CurrentSolver.SSP
Maze-20x20-A13_T3-131.map,,,,,CurrentSolver.SSP
Maze-20x20-A13_T3-175.map,,,,,CurrentSolver.SSP
Maze-20x20-A13_T3-190.map,,,,,CurrentSolver.SSP
Maze-20x20-A13_T3-076.map,,,,,CurrentSolver.SSP
Maze-20x20-A13_T3-037.map,,,,,CurrentSolver.SSP
Maze-20x20-A13_T3-080.map,,,,,CurrentSolver.SSP
Maze-20x20-A13_T3-120.map,,,,,CurrentSolver.SSP
Maze-20x20-A13_T3-013.map,,,,,CurrentSolver.SSP
Maze-20x20-A13_T3-012.map,,,,,CurrentSolver.SSP
Maze-20x20-A13_T3-044.map,,,,,CurrentSolver.SSP
Maze-20x20-A13_T3-101.map,,,,,CurrentSolver.SSP
Maze-20x20-A13_T3-083.map,,,,,CurrentSolver.SSP
Maze-20x20-A13_T3-116.map,,,,,CurrentSolver.SSP
Maze-20x20-A13_T3-173.map,,,,,CurrentSolver.SSP
Maze-20x20-A13_T3-023.map,,,,,CurrentSolver.SSP
Maze-20x20-A13_T3-183.map,,,,,CurrentSolver.SSP
Maze-20x20-A13_T3-042.map,,,,,CurrentSolver.SSP
Maze-20x20-A13_T3-108.map,,,,,CurrentSolver.SSP
Maze-20x20-A13_T3-102.map,,,,,CurrentSolver.SSP
Maze-20x20-A13_T3-132.map,,,,,CurrentSolver.SSP
Maze-20x20-A13_T3-093.map,,,,,CurrentSolver.SSP
Maze-20x20-A13_T3-100.map,,,,,CurrentSolver.SSP
Maze-20x20-A13_T3-130.map,,,,,CurrentSolver.SSP
Maze-20x20-A13_T3-177.map,,,,,CurrentSolver.SSP
Maze-20x20-A13_T3-170.map,,,,,CurrentSolver.SSP
Maze-20x20-A13_T3-099.map,,,,,CurrentSolver.SSP
Maze-20x20-A13_T3-167.map,,,,,CurrentSolver.SSP
Maze-20x20-A13_T3-078.map,,,,,CurrentSolver.SSP
Maze-20x20-A13_T3-147.map,,,,,CurrentSolver.SSP
Maze-20x20-A13_T3-016.map,,,,,CurrentSolver.SSP
Maze-20x20-A13_T3-048.map,,,,,CurrentSolver.SSP
Maze-20x20-A13_T3-005.map,,,,,CurrentSolver.SSP
Maze-20x20-A13_T3-024.map,,,,,CurrentSolver.SSP
Maze-20x20-A13_T3-038.map,,,,,CurrentSolver.SSP
Maze-20x20-A13_T3-056.map,,,,,CurrentSolver.SSP
Maze-20x20-A13_T3-033.map,,,,,CurrentSolver.SSP
Maze-20x20-A13_T3-142.map,,,,,CurrentSolver.SSP
Maze-20x20-A13_T3-110.map,57.03617927711457,35457150,61939866,39,CurrentSolver.SSP
Maze-20x20-A13_T3-070.map,,,,,CurrentSolver.SSP
Maze-20x20-A13_T3-105.map,,,,,CurrentSolver.SSP
Maze-20x20-A13_T3-059.map,,,,,CurrentSolver.SSP
Maze-20x20-A13_T3-017.map,,,,,CurrentSolver.SSP
Maze-20x20-A13_T3-036.map,,,,,CurrentSolver.SSP
Maze-20x20-A13_T3-158.map,,,,,CurrentSolver.SSP
Maze-20x20-A13_T3-063.map,,,,,CurrentSolver.SSP
Maze-20x20-A13_T3-119.map,,,,,CurrentSolver.SSP
Maze-20x20-A13_T3-085.map,,,,,CurrentSolver.SSP
Maze-20x20-A13_T3-197.map,,,,,CurrentSolver.SSP
Maze-20x20-A13_T3-021.map,,,,,CurrentSolver.SSP
Maze-20x20-A13_T3-163.map,,,,,CurrentSolver.SSP
